Entity,Code,Year,Press Freedom Score
Afghanistan,AFG,2013,37.36
Afghanistan,AFG,2014,37.07
Afghanistan,AFG,2015,37.44
Afghanistan,AFG,2016,37.75
Afghanistan,AFG,2017,39.46
Afghanistan,AFG,2018,37.28
Afghanistan,AFG,2019,36.55
Afghanistan,AFG,2020,37.7
Afghanistan,AFG,2021,40.19
Albania,ALB,2013,30.88
Albania,ALB,2014,29.92
Albania,ALB,2015,28.77
Albania,ALB,2016,29.92
Albania,ALB,2017,29.92
Albania,ALB,2018,29.49
Albania,ALB,2019,29.84
Albania,ALB,2020,30.25
Albania,ALB,2021,30.59
Algeria,DZA,2013,36.54
Algeria,DZA,2014,36.26
Algeria,DZA,2015,36.63
Algeria,DZA,2016,41.69
Algeria,DZA,2017,42.83
Algeria,DZA,2018,43.13
Algeria,DZA,2019,45.75
Algeria,DZA,2020,45.52
Algeria,DZA,2021,47.26
Andorra,AND,2013,6.82
Andorra,AND,2014,6.82
Andorra,AND,2015,19.87
Andorra,AND,2016,19.87
Andorra,AND,2017,21.03
Andorra,AND,2018,22.21
Andorra,AND,2019,24.63
Andorra,AND,2020,23.23
Andorra,AND,2021,23.32
Angola,AGO,2013,37.8
Angola,AGO,2014,36.5
Angola,AGO,2015,37.84
Angola,AGO,2016,39.89
Angola,AGO,2017,40.42
Angola,AGO,2018,38.35
Angola,AGO,2019,34.96
Angola,AGO,2020,33.92
Angola,AGO,2021,34.06
Argentina,ARG,2013,25.67
Argentina,ARG,2014,25.27
Argentina,ARG,2015,26.11
Argentina,ARG,2016,25.09
Argentina,ARG,2017,25.07
Argentina,ARG,2018,26.05
Argentina,ARG,2019,28.3
Argentina,ARG,2020,28.78
Argentina,ARG,2021,28.99
Armenia,ARM,2013,28.04
Armenia,ARM,2014,29.07
Armenia,ARM,2015,28.43
Armenia,ARM,2016,28.79
Armenia,ARM,2017,30.38
Armenia,ARM,2018,29.99
Armenia,ARM,2019,28.98
Armenia,ARM,2020,28.6
Armenia,ARM,2021,28.83
Australia,AUS,2013,15.24
Australia,AUS,2014,16.91
Australia,AUS,2015,17.03
Australia,AUS,2016,17.84
Australia,AUS,2017,16.02
Australia,AUS,2018,15.46
Australia,AUS,2019,16.55
Australia,AUS,2020,20.21
Australia,AUS,2021,19.79
Austria,AUT,2013,9.4
Austria,AUT,2014,10.01
Austria,AUT,2015,10.85
Austria,AUT,2016,13.18
Austria,AUT,2017,13.47
Austria,AUT,2018,14.04
Austria,AUT,2019,15.33
Austria,AUT,2020,15.78
Austria,AUT,2021,16.34
Azerbaijan,AZE,2013,47.73
Azerbaijan,AZE,2014,52.87
Azerbaijan,AZE,2015,58.41
Azerbaijan,AZE,2016,57.89
Azerbaijan,AZE,2017,56.4
Azerbaijan,AZE,2018,59.73
Azerbaijan,AZE,2019,59.13
Azerbaijan,AZE,2020,58.48
Azerbaijan,AZE,2021,58.77
Bahrain,BHR,2013,62.75
Bahrain,BHR,2014,58.26
Bahrain,BHR,2015,58.69
Bahrain,BHR,2016,54.86
Bahrain,BHR,2017,58.88
Bahrain,BHR,2018,60.85
Bahrain,BHR,2019,61.31
Bahrain,BHR,2020,60.13
Bahrain,BHR,2021,61.1
Bangladesh,BGD,2013,42.01
Bangladesh,BGD,2014,42.58
Bangladesh,BGD,2015,42.95
Bangladesh,BGD,2016,45.94
Bangladesh,BGD,2017,48.36
Bangladesh,BGD,2018,48.62
Bangladesh,BGD,2019,50.74
Bangladesh,BGD,2020,49.37
Bangladesh,BGD,2021,49.71
Belarus,BLR,2013,48.35
Belarus,BLR,2014,47.82
Belarus,BLR,2015,47.98
Belarus,BLR,2016,54.32
Belarus,BLR,2017,52.43
Belarus,BLR,2018,52.59
Belarus,BLR,2019,51.66
Belarus,BLR,2020,49.75
Belarus,BLR,2021,50.82
Belgium,BEL,2013,12.94
Belgium,BEL,2014,12.8
Belgium,BEL,2015,11.98
Belgium,BEL,2016,14.18
Belgium,BEL,2017,12.75
Belgium,BEL,2018,13.16
Belgium,BEL,2019,12.07
Belgium,BEL,2020,12.57
Belgium,BEL,2021,11.69
Belize,BLZ,2014,17.05
Belize,BLZ,2015,18.54
Belize,BLZ,2016,20.61
Belize,BLZ,2017,23.43
Belize,BLZ,2018,24.55
Belize,BLZ,2019,27.5
Belize,BLZ,2020,27.5
Belize,BLZ,2021,27.61
Benin,BEN,2013,28.33
Benin,BEN,2014,28.83
Benin,BEN,2015,29.24
Benin,BEN,2016,28.97
Benin,BEN,2017,30.32
Benin,BEN,2018,30.16
Benin,BEN,2019,31.74
Benin,BEN,2020,35.11
Benin,BEN,2021,38.18
Bhutan,BTN,2013,28.42
Bhutan,BTN,2014,30.73
Bhutan,BTN,2015,32.65
Bhutan,BTN,2016,30.73
Bhutan,BTN,2017,30.73
Bhutan,BTN,2018,30.73
Bhutan,BTN,2019,29.81
Bhutan,BTN,2020,28.9
Bhutan,BTN,2021,28.86
Bolivia,BOL,2013,32.8
Bolivia,BOL,2014,31.04
Bolivia,BOL,2015,31.29
Bolivia,BOL,2016,31.78
Bolivia,BOL,2017,33.88
Bolivia,BOL,2018,32.45
Bolivia,BOL,2019,35.38
Bolivia,BOL,2020,35.37
Bolivia,BOL,2021,35.47
Bosnia and Herzegovina,BIH,2013,26.86
Bosnia and Herzegovina,BIH,2014,26.86
Bosnia and Herzegovina,BIH,2015,27.51
Bosnia and Herzegovina,BIH,2016,28.45
Bosnia and Herzegovina,BIH,2017,27.83
Bosnia and Herzegovina,BIH,2018,27.37
Bosnia and Herzegovina,BIH,2019,29.02
Bosnia and Herzegovina,BIH,2020,28.51
Bosnia and Herzegovina,BIH,2021,28.34
Botswana,BWA,2013,22.91
Botswana,BWA,2014,22.91
Botswana,BWA,2015,22.91
Botswana,BWA,2016,22.91
Botswana,BWA,2017,24.93
Botswana,BWA,2018,25.29
Botswana,BWA,2019,25.09
Botswana,BWA,2020,23.56
Botswana,BWA,2021,23.25
Brazil,BRA,2013,32.75
Brazil,BRA,2014,34.03
Brazil,BRA,2015,31.93
Brazil,BRA,2016,32.62
Brazil,BRA,2017,33.58
Brazil,BRA,2018,31.2
Brazil,BRA,2019,32.79
Brazil,BRA,2020,34.05
Brazil,BRA,2021,36.25
Brunei,BRN,2013,35.45
Brunei,BRN,2014,35.45
Brunei,BRN,2015,36.76
Brunei,BRN,2016,53.85
Brunei,BRN,2017,53.72
Brunei,BRN,2018,51.48
Brunei,BRN,2019,51.48
Brunei,BRN,2020,49.65
Brunei,BRN,2021,49.91
Bulgaria,BGR,2013,28.58
Bulgaria,BGR,2014,31.42
Bulgaria,BGR,2015,32.91
Bulgaria,BGR,2016,34.46
Bulgaria,BGR,2017,35.01
Bulgaria,BGR,2018,35.22
Bulgaria,BGR,2019,35.11
Bulgaria,BGR,2020,35.06
Bulgaria,BGR,2021,37.29
Burkina Faso,BFA,2013,23.7
Burkina Faso,BFA,2014,24.45
Burkina Faso,BFA,2015,23.79
Burkina Faso,BFA,2016,22.66
Burkina Faso,BFA,2017,23.85
Burkina Faso,BFA,2018,23.33
Burkina Faso,BFA,2019,24.53
Burkina Faso,BFA,2020,23.47
Burkina Faso,BFA,2021,23.17
Burundi,BDI,2013,38.02
Burundi,BDI,2014,40.5
Burundi,BDI,2015,42.93
Burundi,BDI,2016,54.1
Burundi,BDI,2017,55.78
Burundi,BDI,2018,55.26
Burundi,BDI,2019,52.89
Burundi,BDI,2020,55.33
Burundi,BDI,2021,47.57
Cambodia,KHM,2013,41.81
Cambodia,KHM,2014,40.97
Cambodia,KHM,2015,40.99
Cambodia,KHM,2016,40.7
Cambodia,KHM,2017,42.07
Cambodia,KHM,2018,45.9
Cambodia,KHM,2019,45.9
Cambodia,KHM,2020,45.46
Cambodia,KHM,2021,46.84
Cameroon,CMR,2013,34.78
Cameroon,CMR,2014,38.13
Cameroon,CMR,2015,39.63
Cameroon,CMR,2016,40.53
Cameroon,CMR,2017,41.59
Cameroon,CMR,2018,40.92
Cameroon,CMR,2019,43.32
Cameroon,CMR,2020,43.28
Cameroon,CMR,2021,43.78
Canada,CAN,2013,12.69
Canada,CAN,2014,10.99
Canada,CAN,2015,10.99
Canada,CAN,2016,15.26
Canada,CAN,2017,16.53
Canada,CAN,2018,15.28
Canada,CAN,2019,15.69
Canada,CAN,2020,15.29
Canada,CAN,2021,15.25
Cape Verde,CPV,2013,14.33
Cape Verde,CPV,2014,14.32
Cape Verde,CPV,2015,20.69
Cape Verde,CPV,2016,19.82
Cape Verde,CPV,2017,18.02
Cape Verde,CPV,2018,20.39
Cape Verde,CPV,2019,19.81
Cape Verde,CPV,2020,20.15
Cape Verde,CPV,2021,20.09
Central African Republic,CAF,2013,26.61
Central African Republic,CAF,2014,33.13
Central African Republic,CAF,2015,33.84
Central African Republic,CAF,2016,33.6
Central African Republic,CAF,2017,36.12
Central African Republic,CAF,2018,35.25
Central African Republic,CAF,2019,47.27
Central African Republic,CAF,2020,42.87
Central African Republic,CAF,2021,41.92
Chad,TCD,2013,34.87
Chad,TCD,2014,40.22
Chad,TCD,2015,40.17
Chad,TCD,2016,40.59
Chad,TCD,2017,39.66
Chad,TCD,2018,38.45
Chad,TCD,2019,36.71
Chad,TCD,2020,39.7
Chad,TCD,2021,40.2
Chile,CHL,2013,26.24
Chile,CHL,2014,25.8
Chile,CHL,2015,23
Chile,CHL,2016,19.23
Chile,CHL,2017,20.53
Chile,CHL,2018,22.69
Chile,CHL,2019,25.65
Chile,CHL,2020,27.31
Chile,CHL,2021,27.89
China,CHN,2013,73.07
China,CHN,2014,72.91
China,CHN,2015,73.55
China,CHN,2016,80.96
China,CHN,2017,77.66
China,CHN,2018,78.29
China,CHN,2019,78.92
China,CHN,2020,78.48
China,CHN,2021,78.72
Colombia,COL,2013,37.48
Colombia,COL,2014,36.68
Colombia,COL,2015,39.08
Colombia,COL,2016,44.11
Colombia,COL,2017,41.47
Colombia,COL,2018,41.03
Colombia,COL,2019,42.82
Colombia,COL,2020,42.66
Colombia,COL,2021,43.74
Comoros,COM,2013,24.52
Comoros,COM,2014,24.52
Comoros,COM,2015,24.52
Comoros,COM,2016,24.33
Comoros,COM,2017,24.33
Comoros,COM,2018,25.3
Comoros,COM,2019,27.91
Comoros,COM,2020,29.77
Comoros,COM,2021,30.65
Congo,COG,2013,28.2
Congo,COG,2014,29.44
Congo,COG,2015,33
Congo,COG,2016,35.84
Congo,COG,2017,36.73
Congo,COG,2018,35.42
Congo,COG,2019,36.04
Congo,COG,2020,36.56
Congo,COG,2021,38.83
Costa Rica,CRI,2013,12.08
Costa Rica,CRI,2014,12.23
Costa Rica,CRI,2015,12.26
Costa Rica,CRI,2016,11.1
Costa Rica,CRI,2017,11.93
Costa Rica,CRI,2018,14.01
Costa Rica,CRI,2019,12.24
Costa Rica,CRI,2020,10.53
Costa Rica,CRI,2021,8.76
Cote d'Ivoire,CIV,2013,29.77
Cote d'Ivoire,CIV,2014,31.63
Cote d'Ivoire,CIV,2015,30.45
Cote d'Ivoire,CIV,2016,30.17
Cote d'Ivoire,CIV,2017,30.42
Cote d'Ivoire,CIV,2018,30.08
Cote d'Ivoire,CIV,2019,29.52
Cote d'Ivoire,CIV,2020,28.94
Cote d'Ivoire,CIV,2021,28.87
Croatia,HRV,2013,26.61
Croatia,HRV,2014,26.82
Croatia,HRV,2015,26.12
Croatia,HRV,2016,27.91
Croatia,HRV,2017,29.59
Croatia,HRV,2018,28.94
Croatia,HRV,2019,29.03
Croatia,HRV,2020,28.51
Croatia,HRV,2021,27.95
Cuba,CUB,2013,71.64
Cuba,CUB,2014,70.92
Cuba,CUB,2015,70.21
Cuba,CUB,2016,70.23
Cuba,CUB,2017,71.75
Cuba,CUB,2018,68.9
Cuba,CUB,2019,63.81
Cuba,CUB,2020,63.81
Cuba,CUB,2021,63.94
Cyprus,CYP,2013,13.83
Cyprus,CYP,2014,14.45
Cyprus,CYP,2015,16.52
Cyprus,CYP,2016,18.26
Cyprus,CYP,2017,19.79
Cyprus,CYP,2018,19.85
Cyprus,CYP,2019,21.74
Cyprus,CYP,2020,20.45
Cyprus,CYP,2021,19.85
Czechia,CZE,2013,10.17
Czechia,CZE,2014,10.07
Czechia,CZE,2015,11.62
Czechia,CZE,2016,16.66
Czechia,CZE,2017,16.91
Czechia,CZE,2018,21.89
Czechia,CZE,2019,24.89
Czechia,CZE,2020,23.57
Czechia,CZE,2021,23.38
Democratic Republic of Congo,COD,2013,41.66
Democratic Republic of Congo,COD,2014,44.64
Democratic Republic of Congo,COD,2015,44.31
Democratic Republic of Congo,COD,2016,50.97
Democratic Republic of Congo,COD,2017,52.67
Democratic Republic of Congo,COD,2018,51.6
Democratic Republic of Congo,COD,2019,51.71
Democratic Republic of Congo,COD,2020,49.09
Democratic Republic of Congo,COD,2021,48.59
Denmark,DNK,2013,7.08
Denmark,DNK,2014,7.43
Denmark,DNK,2015,8.24
Denmark,DNK,2016,8.89
Denmark,DNK,2017,10.36
Denmark,DNK,2018,13.99
Denmark,DNK,2019,9.87
Denmark,DNK,2020,8.13
Denmark,DNK,2021,8.57
Djibouti,DJI,2013,67.4
Djibouti,DJI,2014,70.34
Djibouti,DJI,2015,71.04
Djibouti,DJI,2016,70.9
Djibouti,DJI,2017,70.54
Djibouti,DJI,2018,70.77
Djibouti,DJI,2019,71.36
Djibouti,DJI,2020,76.73
Djibouti,DJI,2021,78.62
Dominican Republic,DOM,2013,28.34
Dominican Republic,DOM,2014,27.17
Dominican Republic,DOM,2015,27.31
Dominican Republic,DOM,2016,27.9
Dominican Republic,DOM,2017,26.76
Dominican Republic,DOM,2018,26.79
Dominican Republic,DOM,2019,27.9
Dominican Republic,DOM,2020,27.9
Dominican Republic,DOM,2021,25.6
East Timor,TLS,2013,28.72
East Timor,TLS,2014,29.04
East Timor,TLS,2015,32.63
East Timor,TLS,2016,32.02
East Timor,TLS,2017,32.82
East Timor,TLS,2018,30.81
East Timor,TLS,2019,29.93
East Timor,TLS,2020,29.9
East Timor,TLS,2021,29.11
Eastern Caribbean States,,2013,19.72
Eastern Caribbean States,,2014,20.81
Eastern Caribbean States,,2015,21.02
Eastern Caribbean States,,2016,18.91
Eastern Caribbean States,,2017,22.1
Eastern Caribbean States,,2018,22.11
Eastern Caribbean States,,2019,26.04
Eastern Caribbean States,,2020,23.78
Eastern Caribbean States,,2021,23.98
Ecuador,ECU,2013,34.69
Ecuador,ECU,2014,31.16
Ecuador,ECU,2015,33.65
Ecuador,ECU,2016,33.21
Ecuador,ECU,2017,33.64
Ecuador,ECU,2018,30.56
Ecuador,ECU,2019,31.88
Ecuador,ECU,2020,32.62
Ecuador,ECU,2021,32.83
Egypt,EGY,2013,48.66
Egypt,EGY,2014,51.89
Egypt,EGY,2015,50.17
Egypt,EGY,2016,54.45
Egypt,EGY,2017,55.78
Egypt,EGY,2018,56.72
Egypt,EGY,2019,56.47
Egypt,EGY,2020,56.82
Egypt,EGY,2021,56.17
El Salvador,SLV,2013,22.86
El Salvador,SLV,2014,21.57
El Salvador,SLV,2015,23.66
El Salvador,SLV,2016,27.2
El Salvador,SLV,2017,27.24
El Salvador,SLV,2018,27.78
El Salvador,SLV,2019,29.81
El Salvador,SLV,2020,29.7
El Salvador,SLV,2021,30.49
Equatorial Guinea,GNQ,2013,67.2
Equatorial Guinea,GNQ,2014,67.95
Equatorial Guinea,GNQ,2015,66.23
Equatorial Guinea,GNQ,2016,66.47
Equatorial Guinea,GNQ,2017,66.47
Equatorial Guinea,GNQ,2018,66.47
Equatorial Guinea,GNQ,2019,58.35
Equatorial Guinea,GNQ,2020,56.38
Equatorial Guinea,GNQ,2021,55.67
Eritrea,ERI,2013,84.83
Eritrea,ERI,2014,84.83
Eritrea,ERI,2015,84.86
Eritrea,ERI,2016,83.92
Eritrea,ERI,2017,84.24
Eritrea,ERI,2018,84.24
Eritrea,ERI,2019,80.26
Eritrea,ERI,2020,83.5
Eritrea,ERI,2021,81.45
Estonia,EST,2013,9.26
Estonia,EST,2014,9.63
Estonia,EST,2015,11.19
Estonia,EST,2016,14.31
Estonia,EST,2017,13.55
Estonia,EST,2018,14.08
Estonia,EST,2019,12.27
Estonia,EST,2020,12.61
Estonia,EST,2021,15.25
Eswatini,SWZ,2014,46.76
Eswatini,SWZ,2015,47.28
Eswatini,SWZ,2016,52.37
Eswatini,SWZ,2017,51.27
Eswatini,SWZ,2018,51.46
Eswatini,SWZ,2019,49.09
Eswatini,SWZ,2020,45.15
Eswatini,SWZ,2021,46.34
Ethiopia,ETH,2013,39.57
Ethiopia,ETH,2014,40.58
Ethiopia,ETH,2015,41.83
Ethiopia,ETH,2016,45.13
Ethiopia,ETH,2017,50.34
Ethiopia,ETH,2018,50.17
Ethiopia,ETH,2019,35.11
Ethiopia,ETH,2020,32.82
Ethiopia,ETH,2021,33.63
Fiji,FJI,2013,32.69
Fiji,FJI,2014,32.57
Fiji,FJI,2015,31.28
Fiji,FJI,2016,29.37
Fiji,FJI,2017,28.64
Fiji,FJI,2018,26.55
Fiji,FJI,2019,27.18
Fiji,FJI,2020,27.41
Fiji,FJI,2021,27.92
Finland,FIN,2013,6.38
Finland,FIN,2014,6.4
Finland,FIN,2015,7.52
Finland,FIN,2016,8.59
Finland,FIN,2017,8.92
Finland,FIN,2018,10.26
Finland,FIN,2019,7.9
Finland,FIN,2020,7.93
Finland,FIN,2021,6.99
France,FRA,2013,21.6
France,FRA,2014,21.89
France,FRA,2015,21.15
France,FRA,2016,23.83
France,FRA,2017,22.24
France,FRA,2018,21.87
France,FRA,2019,22.21
France,FRA,2020,22.92
France,FRA,2021,22.6
Gabon,GAB,2013,28.69
Gabon,GAB,2014,31.32
Gabon,GAB,2015,31.38
Gabon,GAB,2016,32.2
Gabon,GAB,2017,34.83
Gabon,GAB,2018,32.37
Gabon,GAB,2019,35.6
Gabon,GAB,2020,37.2
Gabon,GAB,2021,38.6
Gambia,GMB,2013,45.09
Gambia,GMB,2014,46.42
Gambia,GMB,2015,44.5
Gambia,GMB,2016,46.53
Gambia,GMB,2017,46.7
Gambia,GMB,2018,38.36
Gambia,GMB,2019,31.35
Gambia,GMB,2020,30.62
Gambia,GMB,2021,30.76
Georgia,GEO,2013,30.09
Georgia,GEO,2014,29.78
Georgia,GEO,2015,27.7
Georgia,GEO,2016,27.96
Georgia,GEO,2017,27.76
Georgia,GEO,2018,27.34
Georgia,GEO,2019,28.98
Georgia,GEO,2020,28.59
Georgia,GEO,2021,28.64
Germany,DEU,2013,10.24
Germany,DEU,2014,10.23
Germany,DEU,2015,11.47
Germany,DEU,2016,14.8
Germany,DEU,2017,14.97
Germany,DEU,2018,14.39
Germany,DEU,2019,14.6
Germany,DEU,2020,12.16
Germany,DEU,2021,15.24
Ghana,GHA,2013,17.27
Ghana,GHA,2014,16.29
Ghana,GHA,2015,15.5
Ghana,GHA,2016,17.95
Ghana,GHA,2017,17.95
Ghana,GHA,2018,18.41
Ghana,GHA,2019,20.81
Ghana,GHA,2020,22.26
Ghana,GHA,2021,21.33
Greece,GRC,2013,28.46
Greece,GRC,2014,31.33
Greece,GRC,2015,31.01
Greece,GRC,2016,30.35
Greece,GRC,2017,30.89
Greece,GRC,2018,29.19
Greece,GRC,2019,29.08
Greece,GRC,2020,28.8
Greece,GRC,2021,29.01
Guatemala,GTM,2013,29.39
Guatemala,GTM,2014,36.61
Guatemala,GTM,2015,37.92
Guatemala,GTM,2016,38.03
Guatemala,GTM,2017,39.33
Guatemala,GTM,2018,36.17
Guatemala,GTM,2019,35.94
Guatemala,GTM,2020,35.74
Guatemala,GTM,2021,38.45
Guinea,GIN,2013,28.49
Guinea,GIN,2014,31.67
Guinea,GIN,2015,32.56
Guinea,GIN,2016,33.08
Guinea,GIN,2017,33.15
Guinea,GIN,2018,31.9
Guinea,GIN,2019,33.49
Guinea,GIN,2020,34.34
Guinea,GIN,2021,35.42
Guinea-Bissau,GNB,2013,28.94
Guinea-Bissau,GNB,2014,30.05
Guinea-Bissau,GNB,2015,28.7
Guinea-Bissau,GNB,2016,29.03
Guinea-Bissau,GNB,2017,30.09
Guinea-Bissau,GNB,2018,30.09
Guinea-Bissau,GNB,2019,30.95
Guinea-Bissau,GNB,2020,32.06
Guinea-Bissau,GNB,2021,32.68
Guyana,GUY,2013,27.08
Guyana,GUY,2014,27.08
Guyana,GUY,2015,27.21
Guyana,GUY,2016,27.07
Guyana,GUY,2017,26.8
Guyana,GUY,2018,26.25
Guyana,GUY,2019,26.63
Guyana,GUY,2020,26.63
Guyana,GUY,2021,25.61
Haiti,HTI,2013,24.09
Haiti,HTI,2014,23.53
Haiti,HTI,2015,25.08
Haiti,HTI,2016,24.66
Haiti,HTI,2017,26.36
Haiti,HTI,2018,26.82
Haiti,HTI,2019,29
Haiti,HTI,2020,30.2
Haiti,HTI,2021,31.12
Honduras,HND,2013,36.92
Honduras,HND,2014,37.14
Honduras,HND,2015,39.27
Honduras,HND,2016,44.62
Honduras,HND,2017,43.75
Honduras,HND,2018,45.23
Honduras,HND,2019,48.53
Honduras,HND,2020,48.2
Honduras,HND,2021,49.35
Hong Kong,HKG,2013,26.16
Hong Kong,HKG,2014,26.55
Hong Kong,HKG,2015,27.76
Hong Kong,HKG,2016,28.5
Hong Kong,HKG,2017,29.46
Hong Kong,HKG,2018,29.04
Hong Kong,HKG,2019,29.65
Hong Kong,HKG,2020,30.01
Hong Kong,HKG,2021,30.44
Hungary,HUN,2013,26.09
Hungary,HUN,2014,26.73
Hungary,HUN,2015,27.44
Hungary,HUN,2016,28.17
Hungary,HUN,2017,29.01
Hungary,HUN,2018,29.11
Hungary,HUN,2019,30.44
Hungary,HUN,2020,30.84
Hungary,HUN,2021,31.76
Iceland,ISL,2013,8.49
Iceland,ISL,2014,8.5
Iceland,ISL,2015,13.87
Iceland,ISL,2016,15.3
Iceland,ISL,2017,13.03
Iceland,ISL,2018,14.1
Iceland,ISL,2019,14.71
Iceland,ISL,2020,15.12
Iceland,ISL,2021,15.37
India,IND,2013,41.22
India,IND,2014,40.34
India,IND,2015,40.49
India,IND,2016,43.17
India,IND,2017,42.94
India,IND,2018,43.24
India,IND,2019,45.67
India,IND,2020,45.33
India,IND,2021,46.56
Indonesia,IDN,2013,41.05
Indonesia,IDN,2014,38.15
Indonesia,IDN,2015,40.75
Indonesia,IDN,2016,41.72
Indonesia,IDN,2017,39.93
Indonesia,IDN,2018,39.68
Indonesia,IDN,2019,36.77
Indonesia,IDN,2020,36.82
Indonesia,IDN,2021,37.4
Iran,IRN,2013,73.4
Iran,IRN,2014,72.29
Iran,IRN,2015,72.32
Iran,IRN,2016,66.52
Iran,IRN,2017,65.12
Iran,IRN,2018,60.71
Iran,IRN,2019,64.41
Iran,IRN,2020,64.81
Iran,IRN,2021,72.7
Iraq,IRQ,2013,44.67
Iraq,IRQ,2014,45.44
Iraq,IRQ,2015,47.76
Iraq,IRQ,2016,54.35
Iraq,IRQ,2017,54.03
Iraq,IRQ,2018,56.56
Iraq,IRQ,2019,52.6
Iraq,IRQ,2020,55.37
Iraq,IRQ,2021,55.57
Ireland,IRL,2013,10.06
Ireland,IRL,2014,10.87
Ireland,IRL,2015,11.2
Ireland,IRL,2016,12.4
Ireland,IRL,2017,14.08
Ireland,IRL,2018,14.59
Ireland,IRL,2019,15
Ireland,IRL,2020,12.6
Ireland,IRL,2021,11.91
Israel,ISR,2013,32.97
Israel,ISR,2014,31.19
Israel,ISR,2015,32.09
Israel,ISR,2016,32.58
Israel,ISR,2017,31.01
Israel,ISR,2018,30.26
Israel,ISR,2019,30.8
Israel,ISR,2020,30.84
Israel,ISR,2021,30.9
Italy,ITA,2013,26.11
Italy,ITA,2014,23.75
Italy,ITA,2015,27.94
Italy,ITA,2016,28.93
Italy,ITA,2017,26.26
Italy,ITA,2018,24.12
Italy,ITA,2019,24.98
Italy,ITA,2020,23.69
Italy,ITA,2021,23.39
Jamaica,JAM,2013,9.88
Jamaica,JAM,2014,10.9
Jamaica,JAM,2015,11.18
Jamaica,JAM,2016,12.45
Jamaica,JAM,2017,12.73
Jamaica,JAM,2018,11.33
Jamaica,JAM,2019,11.13
Jamaica,JAM,2020,10.51
Jamaica,JAM,2021,9.96
Japan,JPN,2013,25.17
Japan,JPN,2014,26.02
Japan,JPN,2015,26.95
Japan,JPN,2016,28.67
Japan,JPN,2017,29.44
Japan,JPN,2018,28.64
Japan,JPN,2019,29.36
Japan,JPN,2020,28.86
Japan,JPN,2021,28.88
Jordan,JOR,2013,38.47
Jordan,JOR,2014,40.42
Jordan,JOR,2015,42.07
Jordan,JOR,2016,44.49
Jordan,JOR,2017,43.24
Jordan,JOR,2018,41.71
Jordan,JOR,2019,43.11
Jordan,JOR,2020,42.08
Jordan,JOR,2021,42.89
Kazakhstan,KAZ,2013,55.08
Kazakhstan,KAZ,2014,54.94
Kazakhstan,KAZ,2015,53.46
Kazakhstan,KAZ,2016,54.55
Kazakhstan,KAZ,2017,54.01
Kazakhstan,KAZ,2018,54.41
Kazakhstan,KAZ,2019,52.82
Kazakhstan,KAZ,2020,54.11
Kazakhstan,KAZ,2021,50.28
Kenya,KEN,2013,27.8
Kenya,KEN,2014,30.7
Kenya,KEN,2015,32.07
Kenya,KEN,2016,31.16
Kenya,KEN,2017,31.2
Kenya,KEN,2018,30.82
Kenya,KEN,2019,32.44
Kenya,KEN,2020,33.72
Kenya,KEN,2021,33.65
Kosovo,OWID_KOS,2013,28.47
Kosovo,OWID_KOS,2014,29.29
Kosovo,OWID_KOS,2015,30.63
Kosovo,OWID_KOS,2016,30.5
Kosovo,OWID_KOS,2017,30.45
Kosovo,OWID_KOS,2018,29.61
Kosovo,OWID_KOS,2019,29.68
Kosovo,OWID_KOS,2020,29.33
Kosovo,OWID_KOS,2021,30.32
Kuwait,KWT,2013,28.28
Kuwait,KWT,2014,30.71
Kuwait,KWT,2015,30.84
Kuwait,KWT,2016,32.59
Kuwait,KWT,2017,33.61
Kuwait,KWT,2018,31.91
Kuwait,KWT,2019,33.86
Kuwait,KWT,2020,34.3
Kuwait,KWT,2021,34.36
Kyrgyzstan,KGZ,2013,32.2
Kyrgyzstan,KGZ,2014,31.24
Kyrgyzstan,KGZ,2015,30.69
Kyrgyzstan,KGZ,2016,30.16
Kyrgyzstan,KGZ,2017,30.92
Kyrgyzstan,KGZ,2018,31
Kyrgyzstan,KGZ,2019,29.92
Kyrgyzstan,KGZ,2020,30.19
Kyrgyzstan,KGZ,2021,30.37
Laos,LAO,2013,67.99
Laos,LAO,2014,71.22
Laos,LAO,2015,71.25
Laos,LAO,2016,71.58
Laos,LAO,2017,66.41
Laos,LAO,2018,66.41
Laos,LAO,2019,64.49
Laos,LAO,2020,64.28
Laos,LAO,2021,70.56
Latvia,LVA,2013,22.89
Latvia,LVA,2014,21.1
Latvia,LVA,2015,18.12
Latvia,LVA,2016,17.38
Latvia,LVA,2017,18.62
Latvia,LVA,2018,19.63
Latvia,LVA,2019,19.53
Latvia,LVA,2020,18.56
Latvia,LVA,2021,19.26
Lebanon,LBN,2013,30.15
Lebanon,LBN,2014,31.89
Lebanon,LBN,2015,31.81
Lebanon,LBN,2016,31.95
Lebanon,LBN,2017,33.01
Lebanon,LBN,2018,31.15
Lebanon,LBN,2019,32.44
Lebanon,LBN,2020,33.19
Lebanon,LBN,2021,34.93
Lesotho,LSO,2013,28.36
Lesotho,LSO,2014,28.36
Lesotho,LSO,2015,28.36
Lesotho,LSO,2016,28.78
Lesotho,LSO,2017,28.78
Lesotho,LSO,2018,28.78
Lesotho,LSO,2019,29.74
Lesotho,LSO,2020,30.45
Lesotho,LSO,2021,31.61
Liberia,LBR,2013,29.89
Liberia,LBR,2014,30.65
Liberia,LBR,2015,30.78
Liberia,LBR,2016,30.71
Liberia,LBR,2017,31.12
Liberia,LBR,2018,30.33
Liberia,LBR,2019,31.49
Liberia,LBR,2020,32.25
Liberia,LBR,2021,33.36
Libya,LBY,2013,37.86
Libya,LBY,2014,39.84
Libya,LBY,2015,45.99
Libya,LBY,2016,57.89
Libya,LBY,2017,56.81
Libya,LBY,2018,56.79
Libya,LBY,2019,55.77
Libya,LBY,2020,55.77
Libya,LBY,2021,55.73
Liechtenstein,LIE,2013,7.35
Liechtenstein,LIE,2014,7.02
Liechtenstein,LIE,2015,17.67
Liechtenstein,LIE,2016,18.36
Liechtenstein,LIE,2017,20.31
Liechtenstein,LIE,2018,20.49
Liechtenstein,LIE,2019,20.49
Liechtenstein,LIE,2020,19.52
Liechtenstein,LIE,2021,19.49
Lithuania,LTU,2013,18.24
Lithuania,LTU,2014,19.2
Lithuania,LTU,2015,18.8
Lithuania,LTU,2016,19.95
Lithuania,LTU,2017,21.37
Lithuania,LTU,2018,22.2
Lithuania,LTU,2019,22.06
Lithuania,LTU,2020,21.19
Lithuania,LTU,2021,20.15
Luxembourg,LUX,2013,6.68
Luxembourg,LUX,2014,6.7
Luxembourg,LUX,2015,13.61
Luxembourg,LUX,2016,14.43
Luxembourg,LUX,2017,14.72
Luxembourg,LUX,2018,14.72
Luxembourg,LUX,2019,15.66
Luxembourg,LUX,2020,15.46
Luxembourg,LUX,2021,17.56
Madagascar,MDG,2013,28.62
Madagascar,MDG,2014,29.38
Madagascar,MDG,2015,27.43
Madagascar,MDG,2016,27.04
Madagascar,MDG,2017,26.71
Madagascar,MDG,2018,26.2
Madagascar,MDG,2019,27.76
Madagascar,MDG,2020,27.68
Madagascar,MDG,2021,28.24
Malawi,MWI,2013,28.18
Malawi,MWI,2014,28.29
Malawi,MWI,2015,26.41
Malawi,MWI,2016,28.12
Malawi,MWI,2017,28.97
Malawi,MWI,2018,27.43
Malawi,MWI,2019,29.36
Malawi,MWI,2020,29.32
Malawi,MWI,2021,28.8
Malaysia,MYS,2013,42.73
Malaysia,MYS,2014,42.73
Malaysia,MYS,2015,43.29
Malaysia,MYS,2016,46.57
Malaysia,MYS,2017,46.89
Malaysia,MYS,2018,47.41
Malaysia,MYS,2019,36.74
Malaysia,MYS,2020,33.12
Malaysia,MYS,2021,39.47
Maldives,MDV,2013,31.1
Maldives,MDV,2014,33.11
Maldives,MDV,2015,34.32
Maldives,MDV,2016,34.17
Maldives,MDV,2017,39.3
Maldives,MDV,2018,37.95
Maldives,MDV,2019,32.16
Maldives,MDV,2020,29.93
Maldives,MDV,2021,29.13
Mali,MLI,2013,30.03
Mali,MLI,2014,36.29
Mali,MLI,2015,36.33
Mali,MLI,2016,39.83
Mali,MLI,2017,38.27
Mali,MLI,2018,36.15
Mali,MLI,2019,35.23
Mali,MLI,2020,34.12
Mali,MLI,2021,33.5
Malta,MLT,2013,23.3
Malta,MLT,2014,23.84
Malta,MLT,2015,24.16
Malta,MLT,2016,23.84
Malta,MLT,2017,24.76
Malta,MLT,2018,27.44
Malta,MLT,2019,29.74
Malta,MLT,2020,30.16
Malta,MLT,2021,30.46
Mauritania,MRT,2013,26.76
Mauritania,MRT,2014,26.53
Mauritania,MRT,2015,25.27
Mauritania,MRT,2016,24.03
Mauritania,MRT,2017,26.49
Mauritania,MRT,2018,29.09
Mauritania,MRT,2019,31.65
Mauritania,MRT,2020,32.54
Mauritania,MRT,2021,32.25
Mauritius,MUS,2013,26.47
Mauritius,MUS,2014,27.69
Mauritius,MUS,2015,27.69
Mauritius,MUS,2016,27.69
Mauritius,MUS,2017,26.67
Mauritius,MUS,2018,26.45
Mauritius,MUS,2019,28.46
Mauritius,MUS,2020,28
Mauritius,MUS,2021,28.74
Mexico,MEX,2013,45.3
Mexico,MEX,2014,45.04
Mexico,MEX,2015,43.69
Mexico,MEX,2016,49.33
Mexico,MEX,2017,48.97
Mexico,MEX,2018,48.91
Mexico,MEX,2019,46.78
Mexico,MEX,2020,45.45
Mexico,MEX,2021,46.71
Moldova,MDA,2013,26.01
Moldova,MDA,2014,25.35
Moldova,MDA,2015,27.85
Moldova,MDA,2016,28.83
Moldova,MDA,2017,30.41
Moldova,MDA,2018,30.01
Moldova,MDA,2019,31.21
Moldova,MDA,2020,31.16
Moldova,MDA,2021,31.61
Mongolia,MNG,2013,29.93
Mongolia,MNG,2014,30.3
Mongolia,MNG,2015,25.25
Mongolia,MNG,2016,27.61
Mongolia,MNG,2017,28.95
Mongolia,MNG,2018,29.05
Mongolia,MNG,2019,29.51
Mongolia,MNG,2020,29.61
Mongolia,MNG,2021,28.97
Montenegro,MNE,2013,32.97
Montenegro,MNE,2014,34.78
Montenegro,MNE,2015,34.63
Montenegro,MNE,2016,32.79
Montenegro,MNE,2017,33.65
Montenegro,MNE,2018,31.21
Montenegro,MNE,2019,32.74
Montenegro,MNE,2020,33.83
Montenegro,MNE,2021,34.33
Morocco,MAR,2013,39.04
Morocco,MAR,2014,39.72
Morocco,MAR,2015,39.19
Morocco,MAR,2016,42.64
Morocco,MAR,2017,42.42
Morocco,MAR,2018,43.13
Morocco,MAR,2019,43.98
Morocco,MAR,2020,42.88
Morocco,MAR,2021,43.94
Mozambique,MOZ,2013,28.01
Mozambique,MOZ,2014,29.26
Mozambique,MOZ,2015,29.98
Mozambique,MOZ,2016,30.25
Mozambique,MOZ,2017,31.05
Mozambique,MOZ,2018,31.12
Mozambique,MOZ,2019,32.66
Mozambique,MOZ,2020,33.79
Mozambique,MOZ,2021,35.39
Myanmar,MMR,2013,44.71
Myanmar,MMR,2014,41.43
Myanmar,MMR,2015,42.08
Myanmar,MMR,2016,45.48
Myanmar,MMR,2017,41.82
Myanmar,MMR,2018,43.15
Myanmar,MMR,2019,44.92
Myanmar,MMR,2020,44.77
Myanmar,MMR,2021,46.14
Namibia,NAM,2013,12.5
Namibia,NAM,2014,12.5
Namibia,NAM,2015,12.5
Namibia,NAM,2016,15.15
Namibia,NAM,2017,17.08
Namibia,NAM,2018,20.24
Namibia,NAM,2019,18.95
Namibia,NAM,2020,19.25
Namibia,NAM,2021,19.72
Nepal,NPL,2013,34.61
Nepal,NPL,2014,36.16
Nepal,NPL,2015,32.71
Nepal,NPL,2016,32.62
Nepal,NPL,2017,33.02
Nepal,NPL,2018,32.05
Nepal,NPL,2019,33.4
Nepal,NPL,2020,35.1
Nepal,NPL,2021,34.62
Netherlands,NLD,2013,6.48
Netherlands,NLD,2014,6.46
Netherlands,NLD,2015,9.22
Netherlands,NLD,2016,8.76
Netherlands,NLD,2017,11.28
Netherlands,NLD,2018,10.01
Netherlands,NLD,2019,8.63
Netherlands,NLD,2020,9.96
Netherlands,NLD,2021,9.67
New Zealand,NZL,2013,8.38
New Zealand,NZL,2014,8.55
New Zealand,NZL,2015,10.06
New Zealand,NZL,2016,10.01
New Zealand,NZL,2017,13.98
New Zealand,NZL,2018,13.62
New Zealand,NZL,2019,10.75
New Zealand,NZL,2020,10.69
New Zealand,NZL,2021,10.04
Nicaragua,NIC,2013,28.31
Nicaragua,NIC,2014,27.7
Nicaragua,NIC,2015,27.94
Nicaragua,NIC,2016,28.82
Nicaragua,NIC,2017,31.01
Nicaragua,NIC,2018,30.41
Nicaragua,NIC,2019,35.53
Nicaragua,NIC,2020,35.81
Nicaragua,NIC,2021,39.98
Niger,NER,2013,23.08
Niger,NER,2014,23.59
Niger,NER,2015,23.85
Niger,NER,2016,24.62
Niger,NER,2017,27.21
Niger,NER,2018,27.4
Niger,NER,2019,29.26
Niger,NER,2020,28.25
Niger,NER,2021,28.44
Nigeria,NGA,2013,34.11
Nigeria,NGA,2014,34.24
Nigeria,NGA,2015,34.09
Nigeria,NGA,2016,35.9
Nigeria,NGA,2017,39.69
Nigeria,NGA,2018,37.41
Nigeria,NGA,2019,36.5
Nigeria,NGA,2020,35.63
Nigeria,NGA,2021,39.69
North Korea,PRK,2013,83.9
North Korea,PRK,2014,81.96
North Korea,PRK,2015,83.25
North Korea,PRK,2016,83.76
North Korea,PRK,2017,84.98
North Korea,PRK,2018,88.87
North Korea,PRK,2019,83.4
North Korea,PRK,2020,85.82
North Korea,PRK,2021,81.28
North Macedonia,MKD,2013,34.27
North Macedonia,MKD,2014,36.43
North Macedonia,MKD,2015,36.26
North Macedonia,MKD,2016,36.09
North Macedonia,MKD,2017,35.74
North Macedonia,MKD,2018,32.43
North Macedonia,MKD,2019,31.66
North Macedonia,MKD,2020,31.28
North Macedonia,MKD,2021,31.67
Northern Cyprus,OWID_CYN,2013,29.34
Northern Cyprus,OWID_CYN,2014,29.54
Northern Cyprus,OWID_CYN,2015,28.33
Northern Cyprus,OWID_CYN,2016,29.54
Northern Cyprus,OWID_CYN,2017,29.88
Northern Cyprus,OWID_CYN,2018,29.59
Northern Cyprus,OWID_CYN,2019,29.67
Northern Cyprus,OWID_CYN,2020,29.79
Northern Cyprus,OWID_CYN,2021,29.82
Norway,NOR,2013,6.52
Norway,NOR,2014,6.52
Norway,NOR,2015,7.75
Norway,NOR,2016,8.79
Norway,NOR,2017,7.6
Norway,NOR,2018,7.63
Norway,NOR,2019,7.82
Norway,NOR,2020,7.84
Norway,NOR,2021,6.72
Oman,OMN,2013,41.51
Oman,OMN,2014,38.83
Oman,OMN,2015,38.83
Oman,OMN,2016,40.43
Oman,OMN,2017,40.46
Oman,OMN,2018,40.67
Oman,OMN,2019,43.42
Oman,OMN,2020,43.42
Oman,OMN,2021,43.37
Pakistan,PAK,2013,51.31
Pakistan,PAK,2014,51.46
Pakistan,PAK,2015,50.46
Pakistan,PAK,2016,48.52
Pakistan,PAK,2017,43.55
Pakistan,PAK,2018,43.24
Pakistan,PAK,2019,45.83
Pakistan,PAK,2020,45.52
Pakistan,PAK,2021,46.86
Palestine,PSE,2013,43.09
Palestine,PSE,2014,40.11
Palestine,PSE,2015,41.01
Palestine,PSE,2016,42.93
Palestine,PSE,2017,42.9
Palestine,PSE,2018,42.96
Palestine,PSE,2019,44.68
Palestine,PSE,2020,44.09
Palestine,PSE,2021,43.18
Panama,PAN,2013,32.95
Panama,PAN,2014,30.2
Panama,PAN,2015,28.98
Panama,PAN,2016,30.59
Panama,PAN,2017,32.12
Panama,PAN,2018,30.56
Panama,PAN,2019,29.78
Panama,PAN,2020,29.78
Panama,PAN,2021,29.94
Papua New Guinea,PNG,2013,22.97
Papua New Guinea,PNG,2014,23.46
Papua New Guinea,PNG,2015,25.87
Papua New Guinea,PNG,2016,25.81
Papua New Guinea,PNG,2017,25.07
Papua New Guinea,PNG,2018,26.19
Papua New Guinea,PNG,2019,24.7
Papua New Guinea,PNG,2020,23.93
Papua New Guinea,PNG,2021,24.88
Paraguay,PRY,2013,28.78
Paraguay,PRY,2014,31.81
Paraguay,PRY,2015,33.74
Paraguay,PRY,2016,33.63
Paraguay,PRY,2017,35.64
Paraguay,PRY,2018,32.32
Paraguay,PRY,2019,32.4
Paraguay,PRY,2020,32.97
Paraguay,PRY,2021,33.52
Peru,PER,2013,31.87
Peru,PER,2014,31.7
Peru,PER,2015,31.21
Peru,PER,2016,29.99
Peru,PER,2017,30.98
Peru,PER,2018,30.27
Peru,PER,2019,30.22
Peru,PER,2020,30.94
Peru,PER,2021,31.71
Philippines,PHL,2013,43.11
Philippines,PHL,2014,43.69
Philippines,PHL,2015,41.19
Philippines,PHL,2016,44.66
Philippines,PHL,2017,41.08
Philippines,PHL,2018,42.53
Philippines,PHL,2019,43.91
Philippines,PHL,2020,43.54
Philippines,PHL,2021,45.64
Poland,POL,2013,13.11
Poland,POL,2014,11.03
Poland,POL,2015,12.71
Poland,POL,2016,23.89
Poland,POL,2017,26.47
Poland,POL,2018,26.59
Poland,POL,2019,28.89
Poland,POL,2020,28.65
Poland,POL,2021,28.84
Portugal,PRT,2013,16.75
Portugal,PRT,2014,17.73
Portugal,PRT,2015,17.11
Portugal,PRT,2016,17.27
Portugal,PRT,2017,15.77
Portugal,PRT,2018,14.17
Portugal,PRT,2019,12.63
Portugal,PRT,2020,11.83
Portugal,PRT,2021,10.11
Qatar,QAT,2013,32.86
Qatar,QAT,2014,34.32
Qatar,QAT,2015,35.35
Qatar,QAT,2016,35.97
Qatar,QAT,2017,39.83
Qatar,QAT,2018,40.16
Qatar,QAT,2019,42.51
Qatar,QAT,2020,42.51
Qatar,QAT,2021,42.6
Romania,ROU,2013,23.05
Romania,ROU,2014,23.48
Romania,ROU,2015,24.9
Romania,ROU,2016,24.29
Romania,ROU,2017,24.46
Romania,ROU,2018,23.65
Romania,ROU,2019,25.67
Romania,ROU,2020,25.91
Romania,ROU,2021,24.91
Russia,RUS,2013,43.42
Russia,RUS,2014,42.78
Russia,RUS,2015,44.97
Russia,RUS,2016,49.03
Russia,RUS,2017,49.45
Russia,RUS,2018,49.96
Russia,RUS,2019,50.31
Russia,RUS,2020,48.92
Russia,RUS,2021,48.71
Rwanda,RWA,2013,55.46
Rwanda,RWA,2014,56.57
Rwanda,RWA,2015,56.57
Rwanda,RWA,2016,54.61
Rwanda,RWA,2017,54.11
Rwanda,RWA,2018,52.9
Rwanda,RWA,2019,52.43
Rwanda,RWA,2020,50.34
Rwanda,RWA,2021,50.66
Samoa,WSM,2013,23.84
Samoa,WSM,2014,22.02
Samoa,WSM,2015,22.32
Samoa,WSM,2016,18.8
Samoa,WSM,2017,16.41
Samoa,WSM,2018,16.69
Samoa,WSM,2019,18.25
Samoa,WSM,2020,18.25
Samoa,WSM,2021,19.24
Saudi Arabia,SAU,2013,56.88
Saudi Arabia,SAU,2014,58.3
Saudi Arabia,SAU,2015,59.41
Saudi Arabia,SAU,2016,59.72
Saudi Arabia,SAU,2017,66.02
Saudi Arabia,SAU,2018,63.13
Saudi Arabia,SAU,2019,65.88
Saudi Arabia,SAU,2020,62.14
Saudi Arabia,SAU,2021,62.73
Senegal,SEN,2013,26.19
Senegal,SEN,2014,26.68
Senegal,SEN,2015,27.77
Senegal,SEN,2016,27.99
Senegal,SEN,2017,26.72
Senegal,SEN,2018,25.61
Senegal,SEN,2019,25.81
Senegal,SEN,2020,23.99
Senegal,SEN,2021,25.22
Serbia,SRB,2013,26.59
Serbia,SRB,2014,25.05
Serbia,SRB,2015,27.66
Serbia,SRB,2016,27.6
Serbia,SRB,2017,28.05
Serbia,SRB,2018,29.58
Serbia,SRB,2019,31.18
Serbia,SRB,2020,31.62
Serbia,SRB,2021,32.03
Seychelles,SYC,2013,29.19
Seychelles,SYC,2014,31.68
Seychelles,SYC,2015,31.55
Seychelles,SYC,2016,30.6
Seychelles,SYC,2017,30.86
Seychelles,SYC,2018,30.17
Seychelles,SYC,2019,29.41
Seychelles,SYC,2020,28.66
Seychelles,SYC,2021,25.66
Sierra Leone,SLE,2013,26.35
Sierra Leone,SLE,2014,28.23
Sierra Leone,SLE,2015,28.47
Sierra Leone,SLE,2016,29.94
Sierra Leone,SLE,2017,30.73
Sierra Leone,SLE,2018,29.98
Sierra Leone,SLE,2019,30.36
Sierra Leone,SLE,2020,30.28
Sierra Leone,SLE,2021,29.61
Singapore,SGP,2013,43.43
Singapore,SGP,2014,44.29
Singapore,SGP,2015,45.87
Singapore,SGP,2016,52.96
Singapore,SGP,2017,51.1
Singapore,SGP,2018,50.95
Singapore,SGP,2019,51.41
Singapore,SGP,2020,55.23
Singapore,SGP,2021,55.2
Slovakia,SVK,2013,13.25
Slovakia,SVK,2014,11.39
Slovakia,SVK,2015,11.66
Slovakia,SVK,2016,13.26
Slovakia,SVK,2017,15.51
Slovakia,SVK,2018,20.26
Slovakia,SVK,2019,23.58
Slovakia,SVK,2020,22.67
Slovakia,SVK,2021,23.02
Slovenia,SVN,2013,20.49
Slovenia,SVN,2014,20.38
Slovenia,SVN,2015,20.55
Slovenia,SVN,2016,22.26
Slovenia,SVN,2017,21.7
Slovenia,SVN,2018,21.69
Slovenia,SVN,2019,22.31
Slovenia,SVN,2020,22.64
Slovenia,SVN,2021,23.1
Somalia,SOM,2013,73.59
Somalia,SOM,2014,73.19
Somalia,SOM,2015,72.31
Somalia,SOM,2016,65.35
Somalia,SOM,2017,65.95
Somalia,SOM,2018,63.04
Somalia,SOM,2019,57.24
Somalia,SOM,2020,55.45
Somalia,SOM,2021,55.47
South Africa,ZAF,2013,24.56
South Africa,ZAF,2014,23.19
South Africa,ZAF,2015,22.06
South Africa,ZAF,2016,21.92
South Africa,ZAF,2017,20.12
South Africa,ZAF,2018,20.39
South Africa,ZAF,2019,22.19
South Africa,ZAF,2020,22.41
South Africa,ZAF,2021,21.59
South Korea,KOR,2013,24.48
South Korea,KOR,2014,25.66
South Korea,KOR,2015,26.55
South Korea,KOR,2016,28.58
South Korea,KOR,2017,27.61
South Korea,KOR,2018,23.51
South Korea,KOR,2019,24.94
South Korea,KOR,2020,23.7
South Korea,KOR,2021,23.43
South Sudan,SSD,2013,36.2
South Sudan,SSD,2014,36.05
South Sudan,SSD,2015,38.04
South Sudan,SSD,2016,44.87
South Sudan,SSD,2017,48.16
South Sudan,SSD,2018,46.88
South Sudan,SSD,2019,45.65
South Sudan,SSD,2020,44.49
South Sudan,SSD,2021,45.78
Spain,ESP,2013,20.5
Spain,ESP,2014,20.63
Spain,ESP,2015,19.95
Spain,ESP,2016,19.92
Spain,ESP,2017,18.69
Spain,ESP,2018,20.51
Spain,ESP,2019,21.99
Spain,ESP,2020,22.16
Spain,ESP,2021,20.44
Sri Lanka,LKA,2013,56.59
Sri Lanka,LKA,2014,59.13
Sri Lanka,LKA,2015,60.28
Sri Lanka,LKA,2016,44.96
Sri Lanka,LKA,2017,44.34
Sri Lanka,LKA,2018,41.37
Sri Lanka,LKA,2019,39.61
Sri Lanka,LKA,2020,41.94
Sri Lanka,LKA,2021,42.2
Sudan,SDN,2013,70.06
Sudan,SDN,2014,71.88
Sudan,SDN,2015,72.34
Sudan,SDN,2016,72.53
Sudan,SDN,2017,73.56
Sudan,SDN,2018,71.13
Sudan,SDN,2019,72.45
Sudan,SDN,2020,55.33
Sudan,SDN,2021,52.93
Suriname,SUR,2013,18.19
Suriname,SUR,2014,18.2
Suriname,SUR,2015,18.2
Suriname,SUR,2016,16.7
Suriname,SUR,2017,16.07
Suriname,SUR,2018,16.44
Suriname,SUR,2019,16.38
Suriname,SUR,2020,17.5
Suriname,SUR,2021,16.95
Swaziland,,2013,46.76
Sweden,SWE,2013,9.23
Sweden,SWE,2014,8.98
Sweden,SWE,2015,9.47
Sweden,SWE,2016,12.33
Sweden,SWE,2017,8.27
Sweden,SWE,2018,8.31
Sweden,SWE,2019,8.31
Sweden,SWE,2020,9.25
Sweden,SWE,2021,7.24
Switzerland,CHE,2013,9.94
Switzerland,CHE,2014,10.47
Switzerland,CHE,2015,13.85
Switzerland,CHE,2016,11.76
Switzerland,CHE,2017,12.13
Switzerland,CHE,2018,11.27
Switzerland,CHE,2019,10.52
Switzerland,CHE,2020,10.62
Switzerland,CHE,2021,10.55
Syria,SYR,2013,78.53
Syria,SYR,2014,77.04
Syria,SYR,2015,77.29
Syria,SYR,2016,81.35
Syria,SYR,2017,81.49
Syria,SYR,2018,79.22
Syria,SYR,2019,71.78
Syria,SYR,2020,72.57
Syria,SYR,2021,70.63
Taiwan,TWN,2013,23.82
Taiwan,TWN,2014,23.82
Taiwan,TWN,2015,24.83
Taiwan,TWN,2016,24.37
Taiwan,TWN,2017,24.37
Taiwan,TWN,2018,23.36
Taiwan,TWN,2019,24.98
Taiwan,TWN,2020,23.76
Taiwan,TWN,2021,23.86
Tajikistan,TJK,2013,35.71
Tajikistan,TJK,2014,34.86
Tajikistan,TJK,2015,36.19
Tajikistan,TJK,2016,50.34
Tajikistan,TJK,2017,50.27
Tajikistan,TJK,2018,50.06
Tajikistan,TJK,2019,54.02
Tajikistan,TJK,2020,55.34
Tajikistan,TJK,2021,55.52
Tanzania,TZA,2013,27.34
Tanzania,TZA,2014,27.3
Tanzania,TZA,2015,28.09
Tanzania,TZA,2016,28.65
Tanzania,TZA,2017,30.65
Tanzania,TZA,2018,30.65
Tanzania,TZA,2019,36.28
Tanzania,TZA,2020,40.25
Tanzania,TZA,2021,40.69
Thailand,THA,2013,38.6
Thailand,THA,2014,37.94
Thailand,THA,2015,40.07
Thailand,THA,2016,44.53
Thailand,THA,2017,44.69
Thailand,THA,2018,44.31
Thailand,THA,2019,44.1
Thailand,THA,2020,44.94
Thailand,THA,2021,45.22
Togo,TGO,2013,28.45
Togo,TGO,2014,29
Togo,TGO,2015,28.5
Togo,TGO,2016,30.31
Togo,TGO,2017,30.75
Togo,TGO,2018,30.23
Togo,TGO,2019,29.69
Togo,TGO,2020,29.33
Togo,TGO,2021,29.59
Tonga,TON,2013,26.7
Tonga,TON,2014,26.7
Tonga,TON,2015,23.37
Tonga,TON,2016,21.24
Tonga,TON,2017,24.97
Tonga,TON,2018,25.68
Tonga,TON,2019,25.41
Tonga,TON,2020,27.27
Tonga,TON,2021,24.59
Trinidad and Tobago,TTO,2013,23.12
Trinidad and Tobago,TTO,2014,23.28
Trinidad and Tobago,TTO,2015,22.39
Trinidad and Tobago,TTO,2016,23.29
Trinidad and Tobago,TTO,2017,20.62
Trinidad and Tobago,TTO,2018,22.79
Trinidad and Tobago,TTO,2019,24.74
Trinidad and Tobago,TTO,2020,23.22
Trinidad and Tobago,TTO,2021,21.55
Tunisia,TUN,2013,39.93
Tunisia,TUN,2014,38.69
Tunisia,TUN,2015,38.68
Tunisia,TUN,2016,31.6
Tunisia,TUN,2017,32.22
Tunisia,TUN,2018,30.91
Tunisia,TUN,2019,29.61
Tunisia,TUN,2020,29.45
Tunisia,TUN,2021,29.53
Turkey,TUR,2013,46.56
Turkey,TUR,2014,45.87
Turkey,TUR,2015,44.16
Turkey,TUR,2016,50.76
Turkey,TUR,2017,52.98
Turkey,TUR,2018,53.5
Turkey,TUR,2019,52.81
Turkey,TUR,2020,50.02
Turkey,TUR,2021,49.79
Turkmenistan,TKM,2013,79.14
Turkmenistan,TKM,2014,80.81
Turkmenistan,TKM,2015,80.83
Turkmenistan,TKM,2016,83.44
Turkmenistan,TKM,2017,84.19
Turkmenistan,TKM,2018,84.2
Turkmenistan,TKM,2019,85.44
Turkmenistan,TKM,2020,85.44
Turkmenistan,TKM,2021,80.03
Uganda,UGA,2013,31.69
Uganda,UGA,2014,33.29
Uganda,UGA,2015,31.65
Uganda,UGA,2016,32.58
Uganda,UGA,2017,35.94
Uganda,UGA,2018,36.77
Uganda,UGA,2019,39.42
Uganda,UGA,2020,40.95
Uganda,UGA,2021,41.19
Ukraine,UKR,2013,36.79
Ukraine,UKR,2014,36.93
Ukraine,UKR,2015,39.1
Ukraine,UKR,2016,32.93
Ukraine,UKR,2017,33.19
Ukraine,UKR,2018,31.16
Ukraine,UKR,2019,32.46
Ukraine,UKR,2020,32.52
Ukraine,UKR,2021,32.96
United Arab Emirates,ARE,2013,33.49
United Arab Emirates,ARE,2014,36.03
United Arab Emirates,ARE,2015,36.73
United Arab Emirates,ARE,2016,36.73
United Arab Emirates,ARE,2017,39.39
United Arab Emirates,ARE,2018,40.86
United Arab Emirates,ARE,2019,43.63
United Arab Emirates,ARE,2020,42.69
United Arab Emirates,ARE,2021,43.13
United Kingdom,GBR,2013,16.89
United Kingdom,GBR,2014,19.93
United Kingdom,GBR,2015,20
United Kingdom,GBR,2016,21.7
United Kingdom,GBR,2017,22.26
United Kingdom,GBR,2018,23.25
United Kingdom,GBR,2019,22.23
United Kingdom,GBR,2020,22.93
United Kingdom,GBR,2021,21.59
United States,USA,2013,18.22
United States,USA,2014,23.49
United States,USA,2015,24.41
United States,USA,2016,22.49
United States,USA,2017,23.88
United States,USA,2018,23.73
United States,USA,2019,25.69
United States,USA,2020,23.85
United States,USA,2021,23.93
Uruguay,URY,2013,15.92
Uruguay,URY,2014,16.08
Uruguay,URY,2015,15.94
Uruguay,URY,2016,15.88
Uruguay,URY,2017,17.43
Uruguay,URY,2018,15.56
Uruguay,URY,2019,16.06
Uruguay,URY,2020,15.79
Uruguay,URY,2021,16.38
Uzbekistan,UZB,2013,60.39
Uzbekistan,UZB,2014,61.01
Uzbekistan,UZB,2015,61.14
Uzbekistan,UZB,2016,61.15
Uzbekistan,UZB,2017,66.11
Uzbekistan,UZB,2018,60.84
Uzbekistan,UZB,2019,53.52
Uzbekistan,UZB,2020,53.07
Uzbekistan,UZB,2021,50.74
Venezuela,VEN,2013,34.44
Venezuela,VEN,2014,35.37
Venezuela,VEN,2015,40.61
Venezuela,VEN,2016,44.77
Venezuela,VEN,2017,42.94
Venezuela,VEN,2018,46.03
Venezuela,VEN,2019,49.1
Venezuela,VEN,2020,45.66
Venezuela,VEN,2021,47.6
Vietnam,VNM,2013,71.78
Vietnam,VNM,2014,72.36
Vietnam,VNM,2015,72.63
Vietnam,VNM,2016,74.27
Vietnam,VNM,2017,73.96
Vietnam,VNM,2018,75.05
Vietnam,VNM,2019,74.93
Vietnam,VNM,2020,74.71
Vietnam,VNM,2021,78.46
Yemen,YEM,2013,69.22
Yemen,YEM,2014,67.26
Yemen,YEM,2015,66.36
Yemen,YEM,2016,67.07
Yemen,YEM,2017,65.8
Yemen,YEM,2018,62.23
Yemen,YEM,2019,61.66
Yemen,YEM,2020,58.25
Yemen,YEM,2021,62.35
Zambia,ZMB,2013,27.93
Zambia,ZMB,2014,30.89
Zambia,ZMB,2015,34.35
Zambia,ZMB,2016,35.08
Zambia,ZMB,2017,36.48
Zambia,ZMB,2018,35.36
Zambia,ZMB,2019,36.38
Zambia,ZMB,2020,37
Zambia,ZMB,2021,38.21
Zimbabwe,ZWE,2013,38.12
Zimbabwe,ZWE,2014,39.19
Zimbabwe,ZWE,2015,39.19
Zimbabwe,ZWE,2016,40.41
Zimbabwe,ZWE,2017,41.44
Zimbabwe,ZWE,2018,40.53
Zimbabwe,ZWE,2019,42.23
Zimbabwe,ZWE,2020,40.95
Zimbabwe,ZWE,2021,43.12